,Price,Brand,Purpose,Color,gen,CPU,Number of cores,Clock,Cache,OS,Ram,Display Size,Touchable,AddGraphics,VGA Memory,HDD,SSD,Optical Disk,Number Keys,LED,USB Ports,HDMI Ports,LANPorts,VGAPorts,Weight,Cells pin,displayWidth,displayHeight
0,14290000,2,1,3,15,19,4,1.6,6,3,4,15.6,1,13,2,1000,0,1,1,0,4,1,1,1,1.5,3,768.0,1366.0
1,21290000,2,1,5,15,19,4,1.6,6,3,8,14.0,1,7,0,0,256,1,1,0,3,1,1,1,1.25,3,1080.0,1920.0
2,9290000,2,2,6,8,8,2,2.6,3,3,4,14.0,1,7,0,1000,0,0,1,0,3,1,0,0,2.0,3,768.0,1366.0
3,12390000,3,1,6,14,15,2,2.5,3,3,4,14.0,1,7,0,1000,0,0,1,0,3,1,0,0,1.94,4,768.0,1366.0
4,10090000,3,1,6,8,7,2,2.0,3,3,4,14.0,1,7,0,1000,0,0,1,0,3,1,0,1,1.81,4,768.0,1366.0
5,12990000,3,1,6,14,15,2,2.5,3,3,4,15.6,1,7,0,1000,0,0,0,0,4,1,0,0,2.18,4,768.0,1366.0
6,27490000,2,0,6,17,26,4,2.8,6,3,8,17.3,1,17,4,1000,0,1,0,2,4,1,0,1,2.93,4,1080.0,1920.0
7,24190000,2,0,6,17,26,4,2.8,6,3,8,15.6,1,17,4,1000,0,1,0,3,3,1,0,1,2.3,4,1080.0,1920.0
8,21990000,3,1,5,15,19,4,1.6,6,3,8,13.3,0,7,0,1000,0,1,1,0,3,1,1,1,1.78,3,1080.0,1920.0
9,21990000,3,1,0,15,19,4,1.6,6,3,4,15.6,1,13,2,1000,128,1,1,0,4,1,1,1,2.16,3,1080.0,1920.0
10,10690000,3,1,6,8,7,2,2.0,3,3,4,15.6,1,25,2,1000,0,1,0,0,3,1,0,1,2.1,4,768.0,1360.0
11,23190000,3,1,0,18,29,4,1.8,6,3,8,15.6,1,1,4,2000,0,0,0,3,4,1,0,1,2.12,3,1080.0,1920.0
12,13690000,3,1,6,14,15,2,2.5,3,3,4,15.6,1,6,2,1000,0,0,0,0,2,1,0,1,2.18,4,768.0,1366.0
13,24690000,0,0,6,17,26,4,2.8,6,3,8,15.6,1,18,4,1000,128,1,0,3,4,1,0,1,2.45,4,1080.0,1920.0
14,8690000,0,1,5,8,7,2,2.0,3,3,4,14.0,1,7,0,500,0,1,0,0,3,1,0,0,2.1,4,768.0,1366.0
15,16790000,2,1,3,18,29,4,1.8,8,3,4,15.6,1,13,2,1000,0,0,0,0,3,1,0,0,2.15,2,768.0,1366.0
16,16590000,3,1,3,14,15,2,2.5,3,3,4,15.6,1,12,2,1000,0,1,0,0,4,1,0,0,2.0,3,768.0,1366.0
17,13590000,2,1,5,15,19,4,1.6,6,3,4,15.6,1,13,2,1000,0,1,1,0,4,1,0,1,1.7,3,768.0,1366.0
18,10490000,3,1,6,9,9,2,2.4,3,3,4,14.0,1,7,0,1000,0,0,1,0,3,1,0,1,1.81,4,768.0,1366.0
19,15590000,3,1,3,14,15,2,2.5,3,3,4,15.6,1,7,0,1000,0,1,0,0,4,1,0,0,2.3,3,768.0,1366.0
20,15199000,0,1,6,15,19,4,1.6,6,3,4,15.6,1,23,2,1000,0,1,0,0,4,1,0,1,2.2,4,1080.0,1920.0
21,12990000,2,1,3,15,19,4,1.6,6,3,4,15.6,1,7,0,1000,0,1,1,0,4,1,1,1,1.7,3,768.0,1366.0
22,17290000,3,1,0,15,19,4,1.6,6,3,4,14.0,1,7,0,1000,0,1,1,0,3,1,0,1,1.66,3,1080.0,1920.0
23,21490000,5,1,0,18,29,4,1.8,8,3,8,13.3,1,7,0,1000,0,1,1,0,3,1,0,1,1.6,3,1080.0,1920.0
24,12490000,6,1,3,9,9,2,2.4,3,3,4,14.0,1,7,0,1000,0,1,1,0,3,1,1,1,1.8,3,768.0,1366.0
25,16990000,0,1,5,18,29,4,1.8,8,3,4,15.6,1,23,2,1000,0,1,0,0,4,1,0,1,2.19,4,1080.0,1920.0
26,12490000,5,1,0,9,9,2,2.4,3,3,4,14.0,1,7,0,500,0,1,1,0,3,1,1,1,1.7,3,768.0,1366.0
27,10990000,3,1,6,8,7,2,2.0,3,3,4,14.0,1,7,0,1000,0,0,1,0,3,1,0,1,1.81,4,768.0,1366.0
28,12090000,3,1,6,9,9,2,2.4,3,3,6,15.6,1,7,0,1000,0,0,0,0,2,1,0,1,2.0,3,768.0,1366.0
29,11490000,3,1,6,8,7,2,2.0,3,3,4,15.6,1,7,0,1000,0,0,0,0,3,1,0,1,2.0,4,768.0,1366.0
30,21190000,2,1,3,15,19,4,1.6,6,3,8,14.0,1,7,0,0,256,1,1,0,3,1,1,1,1.25,3,1080.0,1920.0
31,5990000,0,1,6,3,33,2,1.1,2,3,2,14.0,1,7,0,500,0,1,1,0,3,1,0,1,1.35,4,768.0,1366.0
32,8499000,0,1,5,8,7,2,2.0,3,3,4,15.6,1,7,0,500,0,0,0,0,4,1,0,1,2.2,4,1080.0,1920.0
33,13489000,0,1,6,9,10,2,2.7,3,3,4,14.0,0,7,0,1000,0,1,1,0,3,1,0,1,1.7,3,1080.0,1920.0
34,13299000,0,1,5,15,19,4,1.6,6,3,4,15.6,1,23,2,1000,0,0,0,0,3,1,0,1,2.2,4,1080.0,1920.0
35,14990000,3,1,0,9,10,2,2.7,3,3,4,13.3,1,7,0,0,128,1,0,0,3,1,1,1,1.4,3,1080.0,1920.0
36,18090000,5,1,0,17,23,2,2.7,4,3,4,13.3,1,7,0,0,256,1,1,0,3,1,0,0,1.5,4,768.0,1366.0
37,19490000,5,1,3,17,23,2,2.7,4,3,4,14.0,1,7,0,500,0,1,1,0,3,1,1,1,1.63,3,1080.0,1920.0
38,19490000,0,1,6,14,16,4,2.5,6,3,8,15.6,1,17,2,1000,0,1,0,0,4,1,0,1,2.4,4,1080.0,1920.0
39,13990000,6,1,6,14,15,2,2.5,3,3,4,15.6,1,7,0,500,0,0,0,0,3,1,0,1,2.2,3,768.0,1366.0
40,10690000,0,1,6,9,9,2,2.4,3,3,4,15.6,1,13,2,500,0,0,0,0,4,1,0,0,2.3,4,1080.0,1920.0
41,26990000,2,0,6,17,26,4,2.8,6,3,8,15.6,1,17,4,1000,0,1,0,2,5,1,0,1,2.3,4,1080.0,1920.0
42,10090000,0,1,6,9,9,2,2.4,3,3,4,15.6,1,13,2,500,0,0,0,0,2,1,0,1,2.23,4,1080.0,1920.0
43,16489000,0,1,5,15,19,4,1.6,6,3,4,14.0,0,7,0,1000,0,1,1,0,3,1,1,1,1.7,3,1080.0,1920.0
44,14090000,0,1,6,14,15,2,2.5,3,3,4,15.6,1,13,2,1000,0,1,0,0,4,1,0,1,2.2,4,1080.0,1920.0
45,11990000,0,1,5,15,19,4,1.6,6,3,4,14.0,1,7,0,1000,0,0,1,0,3,1,1,1,1.98,4,1080.0,1920.0
46,11890000,6,1,6,14,15,2,2.5,3,3,4,15.6,1,7,0,2000,0,1,0,0,3,1,0,1,2.1,2,1080.0,1920.0
47,10390000,3,1,6,8,7,2,2.0,3,3,4,15.6,1,7,0,1000,0,0,0,0,3,1,0,0,2.2,4,768.0,1366.0
48,7499000,0,1,6,21,35,4,1.1,2,3,4,15.6,1,7,0,500,0,1,1,0,3,1,0,1,2.1,2,768.0,1366.0
49,16690000,0,1,0,15,19,4,1.6,6,3,4,14.0,1,7,0,0,256,1,1,0,3,1,0,1,1.5,4,1080.0,1920.0
50,17690000,0,1,6,15,29,4,1.8,8,3,4,15.6,1,23,2,1000,0,0,0,3,4,1,0,0,2.17,4,1080.0,1920.0
51,12990000,6,1,6,14,15,2,2.5,3,3,4,15.6,1,10,2,1000,0,1,0,0,3,1,0,0,1.93,2,768.0,1366.0
52,13990000,0,1,5,14,15,2,2.5,3,3,4,15.6,1,13,2,1000,0,1,0,0,2,1,0,1,2.0,4,1080.0,1920.0
53,15590000,5,1,0,14,15,2,2.5,3,3,4,13.3,1,7,0,0,256,1,1,0,3,1,0,0,1.5,3,768.0,1366.0
54,12490000,6,1,3,9,10,2,2.7,3,3,4,14.0,0,7,0,1000,0,1,1,0,3,1,1,1,1.78,3,768.0,1360.0
55,14790000,0,1,0,9,10,2,2.7,3,3,4,14.0,1,7,0,0,256,1,1,0,2,1,1,1,1.5,4,1080.0,1920.0
56,12290000,0,1,5,15,19,4,1.6,6,3,4,15.6,1,7,0,1000,0,1,0,0,4,1,0,0,2.1,4,1080.0,1920.0
57,16290000,0,1,4,15,19,4,1.6,6,3,4,15.6,1,7,0,1000,0,1,0,0,4,1,1,1,1.35,4,1080.0,1920.0
58,10690000,2,1,3,9,9,2,2.4,3,3,4,14.0,1,7,0,1000,0,1,1,0,3,1,1,1,1.43,3,768.0,1366.0
59,31190000,0,0,6,17,26,4,2.8,6,3,8,15.6,1,19,6,1000,128,1,0,0,4,1,0,1,2.7,4,1080.0,1920.0
60,17990000,0,1,5,15,19,4,1.6,6,3,4,14.0,1,23,2,1000,0,1,1,0,3,1,0,1,1.8,4,768.0,1366.0
61,10990000,0,1,6,9,10,2,2.7,3,3,4,15.6,1,7,0,1000,0,1,0,0,3,1,0,1,2.0,2,1080.0,1920.0
62,11499000,0,1,5,9,10,2,2.7,3,3,4,15.6,1,7,0,1000,0,1,0,0,3,1,0,1,1.5,4,1080.0,1920.0
63,12990000,5,1,0,9,9,2,2.4,3,3,4,15.6,1,7,0,500,0,1,0,3,4,1,0,0,2.06,3,768.0,1366.0
64,18690000,5,1,0,15,19,4,1.6,6,3,4,15.6,1,11,2,0,256,1,0,0,4,1,0,0,2.1,3,1080.0,1920.0
65,27789000,0,2,4,18,29,8,1.8,8,3,8,14.0,0,7,0,0,256,1,1,3,2,1,1,1,0.94,3,1080.0,1920.0
66,24789000,0,2,4,15,19,4,1.6,6,3,8,14.0,0,7,0,0,256,1,1,3,2,1,1,1,0.97,3,1080.0,1920.0
67,37200000,1,1,0,1,11,2,2.3,3,3,8,13.3,1,7,0,0,256,1,1,0,2,0,1,1,1.37,6,1600.0,2560.0
68,9499000,0,1,6,9,10,2,2.7,3,3,4,15.6,1,7,0,500,0,1,0,0,3,1,0,1,1.9,2,1080.0,1920.0
69,10990000,6,1,0,9,10,2,2.7,3,3,4,15.6,1,13,2,1000,0,0,0,0,3,1,0,1,2.2,2,1080.0,1920.0
70,9690000,0,1,6,9,10,2,2.7,3,3,4,15.6,1,7,0,1000,0,1,0,0,3,1,0,1,1.9,2,1080.0,1920.0
71,17490000,5,1,3,15,19,4,1.6,6,3,4,14.0,1,7,0,500,0,1,1,0,3,1,1,1,1.63,3,1080.0,1920.0
72,7390000,5,1,6,21,34,4,1.6,2,3,4,14.0,1,7,0,500,0,1,1,0,3,1,0,0,1.59,4,768.0,1366.0
73,16490000,5,1,0,15,19,4,1.6,6,3,4,14.0,1,7,0,0,256,1,1,0,3,1,0,0,1.64,3,1080.0,1920.0
74,16990000,5,1,0,15,19,4,1.6,6,3,8,15.6,1,7,0,1000,0,0,0,0,3,1,0,0,2.06,3,768.0,1366.0
75,16990000,5,1,0,15,19,4,1.6,6,3,4,14.0,1,7,0,500,0,1,0,0,3,1,1,1,1.63,3,1080.0,1920.0
76,11390000,2,1,3,9,9,2,2.4,3,3,4,14.0,1,7,0,1000,0,1,1,3,4,1,0,1,1.42,3,1080.0,1920.0
77,24990000,3,1,0,15,19,4,1.6,6,3,8,13.3,1,7,0,0,256,1,1,0,3,1,1,1,1.4,3,1080.0,1920.0
78,14690000,5,1,3,15,19,4,1.6,6,3,4,15.6,1,7,0,1000,0,0,0,0,3,1,0,1,2.0,3,768.0,1366.0
79,13690000,0,1,6,14,15,4,2.5,3,3,4,15.6,1,13,2,500,0,1,0,0,3,1,0,1,2.2,4,1080.0,1920.0
80,24990000,3,1,0,18,29,4,1.8,8,3,8,13.3,1,1,2,0,256,1,1,3,3,1,1,1,1.42,3,1080.0,1920.0
81,11790000,5,1,3,18,9,2,2.4,3,3,4,15.6,1,7,0,1000,0,0,0,0,3,1,0,1,2.0,3,768.0,1366.0
82,16490000,6,1,3,15,19,4,1.6,6,3,4,14.0,0,7,0,0,256,1,1,0,3,1,1,1,1.7,3,1080.0,1920.0
83,14790000,5,1,0,15,19,4,1.6,6,3,4,15.6,1,0,2,1000,0,0,0,0,3,1,1,0,1.9,4,768.0,1366.0
84,14490000,6,1,3,9,10,2,2.7,3,3,4,14.0,1,7,0,0,256,1,1,0,3,1,1,1,1.8,2,1080.0,1920.0
85,19499000,0,0,6,14,16,2,2.5,6,3,8,15.6,1,17,4,1000,0,1,0,3,4,1,0,1,2.2,4,1080.0,1920.0
86,17290000,2,1,3,15,19,4,1.6,6,3,4,15.6,1,23,2,1000,0,1,1,3,3,1,1,1,1.62,3,1080.0,1920.0
87,11990000,5,1,5,9,9,2,2.4,3,3,4,15.6,1,7,0,1000,0,0,0,0,3,1,0,1,2.17,3,768.0,1366.0
88,15490000,6,2,6,15,19,4,1.6,3,3,4,14.0,1,7,0,1000,0,1,1,3,4,1,0,1,1.75,3,768.0,1366.0
89,20450000,0,2,5,15,19,4,1.6,6,3,8,13.3,0,7,0,0,256,1,1,3,4,1,1,1,1.54,3,1080.0,1920.0
90,16290000,3,2,6,15,19,4,1.6,6,3,8,15.6,1,0,2,1000,0,0,0,3,3,1,0,0,2.29,4,1080.0,1920.0
91,26990000,2,0,6,14,16,4,2.5,6,3,8,15.6,1,19,6,1000,0,1,0,3,3,1,0,1,2.6,4,1080.0,1920.0
92,19090000,6,2,0,15,19,4,1.6,6,3,4,13.3,1,7,0,0,256,1,1,3,4,1,0,1,1.47,4,1080.0,1920.0
93,24490000,6,2,0,18,29,4,1.8,8,3,8,13.3,1,7,0,0,256,1,1,3,4,1,0,1,1.47,3,1080.0,1920.0
94,13890000,5,2,0,15,19,4,1.6,6,3,4,14.0,1,7,0,1000,0,1,1,0,3,1,0,0,1.7,6,768.0,1366.0
95,12490000,5,1,0,9,9,2,2.4,3,3,4,14.0,1,7,0,1000,0,1,1,0,3,1,0,1,1.54,3,1080.0,1920.0
96,10890000,6,2,6,9,10,2,2.7,3,3,4,14.0,1,7,0,1000,0,1,0,3,4,0,0,1,1.55,2,768.0,1366.0
97,39990000,8,0,6,18,30,6,2.2,9,3,16,15.6,1,19,6,1000,128,1,0,2,4,1,0,1,2.2,6,1080.0,1920.0
98,24690000,8,0,6,17,26,4,2.8,6,3,8,17.3,1,17,4,1000,0,1,0,3,4,1,0,1,2.7,6,1080.0,1920.0
99,18090000,2,2,5,15,19,4,1.6,6,3,4,14.0,0,22,256,1000,0,1,1,3,4,1,1,1,1.61,3,1080.0,1920.0
100,17290000,2,1,3,15,19,4,1.6,6,3,4,15.6,1,23,2,1000,0,1,1,3,3,1,1,1,1.62,3,1080.0,1920.0
101,11990000,5,1,5,9,9,2,2.4,3,3,4,15.6,1,7,0,1000,0,0,0,0,3,1,0,1,2.17,3,768.0,1366.0
102,15490000,6,2,6,15,19,4,1.6,3,3,4,14.0,1,7,0,1000,0,1,1,3,4,1,0,1,1.75,3,768.0,1366.0
103,20450000,0,2,5,15,19,4,1.6,6,3,8,13.3,0,7,0,0,256,1,1,3,4,1,1,1,1.54,3,1080.0,1920.0
104,24490000,6,2,0,18,29,4,1.8,8,3,8,13.3,1,7,0,0,256,1,1,3,4,1,0,1,1.47,3,1080.0,1920.0
105,16290000,3,2,6,15,19,4,1.6,6,3,8,15.6,1,0,2,1000,0,0,0,3,3,1,0,0,2.29,4,1080.0,1920.0
106,26990000,2,0,6,14,16,4,2.5,6,3,8,15.6,1,19,6,1000,0,1,0,3,3,1,0,1,2.6,4,1080.0,1920.0
107,19090000,6,2,0,15,19,4,1.6,6,3,4,13.3,1,7,0,0,256,1,1,3,4,1,0,1,1.47,4,1080.0,1920.0
108,13890000,5,2,0,15,19,4,1.6,6,3,4,14.0,1,7,0,1000,0,1,1,0,3,1,0,0,1.7,6,768.0,1366.0
109,12490000,5,1,0,9,9,2,2.4,3,3,4,14.0,1,7,0,1000,0,1,1,0,3,1,0,1,1.54,3,1080.0,1920.0
110,10890000,6,2,6,9,10,2,2.7,3,3,4,14.0,1,7,0,1000,0,1,0,3,4,0,0,0,1.55,2,768.0,1366.0
111,39990000,8,0,6,18,30,6,2.2,9,3,16,15.6,1,19,6,1000,128,1,0,2,4,1,0,1,2.2,6,1080.0,1920.0
112,25990000,2,0,6,18,30,6,2.2,9,3,8,15.6,1,18,4,1000,0,1,0,3,3,1,0,1,2.3,3,1080.0,1920.0
113,14590000,3,2,6,15,19,4,1.6,6,3,4,14.0,1,0,2,1000,0,0,1,3,3,1,1,1,2.0,4,768.0,1366.0
114,16990000,2,1,3,15,19,4,1.6,6,3,4,14.0,1,23,2,1000,0,1,1,3,4,1,1,1,1.43,3,1080.0,1920.0
115,14590000,2,1,3,15,19,4,1.6,6,3,4,15.6,1,22,2,1000,0,1,1,3,4,1,1,1,1.7,3,1080.0,1920.0
116,19100000,6,2,6,14,15,2,2.5,3,3,8,15.6,1,7,0,500,0,0,0,3,0,0,0,1,2.3,4,768.0,1366.0
117,17990000,5,1,0,17,23,2,2.7,45,3,4,15.6,1,13,2,1000,0,1,0,3,3,1,0,1,2.15,3,1080.0,1920.0
118,13290000,6,2,6,15,19,4,1.6,6,3,4,14.0,1,7,0,1000,0,1,0,3,4,1,0,0,1.55,2,768.0,1366.0
119,12490000,6,2,3,9,10,2,2.7,3,3,4,14.0,0,7,0,1000,0,1,1,3,3,1,1,1,1.76,2,768.0,1366.0
120,15190000,3,2,6,15,19,4,1.6,6,3,4,15.6,1,0,2,1000,0,0,0,3,3,1,0,0,2.29,4,1080.0,1920.0
121,19290000,2,1,3,15,19,4,1.6,6,3,4,14.0,1,23,2,1000,128,1,1,3,4,1,1,1,1.43,3,1080.0,1920.0
122,13990000,2,2,3,15,19,4,1.6,6,3,4,15.6,1,22,2,1000,0,1,1,3,4,1,1,1,1.7,3,768.0,1366.0
123,34990000,8,0,6,18,30,6,2.2,9,3,16,15.6,1,18,4,1000,128,1,0,2,4,1,0,1,2.2,6,1080.0,1920.0
124,23990000,8,0,6,15,20,4,2.2,8,3,8,15.6,1,17,4,1000,128,1,0,3,4,1,0,1,2.2,6,1080.0,1920.0
125,12490000,5,1,1,9,9,2,2.4,3,3,4,14.0,1,7,0,1000,0,1,1,0,3,1,0,1,1.54,3,1080.0,1920.0
126,6700000,6,2,6,21,34,4,1.6,2,3,4,14.0,1,7,0,500,0,1,1,3,2,1,0,1,2.0,3,768.0,1366.0
127,11490000,2,1,3,9,9,2,2.4,3,3,4,14.0,1,7,0,1000,0,1,1,3,4,1,1,1,1.43,3,1080.0,1920.0
128,23490000,2,1,3,15,19,4,1.6,6,3,8,14.0,1,7,0,0,512,1,1,3,3,1,1,1,1.29,3,1080.0,1920.0
129,21990000,0,0,6,15,20,4,2.3,8,3,8,15.6,1,17,4,1000,128,1,0,3,4,1,0,1,2.42,4,1080.0,1920.0
130,29490000,2,1,3,18,29,4,1.8,8,3,8,14.0,0,23,256,0,512,1,1,3,3,1,1,1,1.3,3,1080.0,1920.0
131,14990000,3,2,6,15,19,4,1.6,6,3,4,14.0,1,0,256,1000,0,0,1,3,3,1,0,1,2.29,4,768.0,1366.0
132,26490000,8,0,6,18,30,6,2.2,9,3,8,15.6,1,17,4,1000,128,1,0,3,4,1,0,1,2.2,6,1080.0,1920.0
133,27700000,1,1,0,11,11,2,1.8,2,3,8,13.3,1,7,0,0,256,1,1,3,2,0,1,1,1.06,6,900.0,1440.0
134,20690000,3,2,6,18,29,4,1.8,8,3,8,15.6,1,0,2,1000,0,1,0,0,4,1,0,0,2.29,4,1080.0,1920.0
135,12990000,2,2,3,15,19,4,1.6,6,3,4,15.6,1,7,0,1000,0,1,1,3,4,1,1,1,1.7,3,1080.0,1920.0
136,17190000,2,1,3,18,29,4,1.8,8,3,4,15.6,1,22,2,1000,0,1,1,0,4,1,1,1,1.66,3,1080.0,1920.0
137,4990000,6,2,1,3,33,2,1.1,20,3,2,11.6,1,7,0,0,32,1,1,0,3,1,1,1,1.27,2,768.0,1366.0
138,19290000,2,1,3,10,19,4,1.6,6,3,4,15.6,1,23,2,1000,128,1,1,3,4,1,1,1,1.64,3,1080.0,1920.0
139,8099000,0,2,4,3,33,2,1.1,2,3,4,11.6,1,7,0,0,60,1,1,0,3,1,1,1,1.5,4,768.0,1366.0
140,13990000,2,2,3,15,19,4,1.6,6,3,4,14.0,1,22,2,1000,0,1,1,3,4,1,1,1,1.43,3,768.0,1366.0
141,17890000,6,2,6,15,19,4,1.6,6,3,4,14.0,1,7,0,1000,0,1,1,3,3,1,0,1,1.72,3,768.0,1366.0
142,41990000,5,1,6,18,29,1,1.8,8,3,8,13.3,0,7,0,0,256,1,1,3,1,0,1,1,1.32,3,1080.0,1920.0
143,20990000,5,2,3,15,19,4,1.6,6,3,8,13.3,1,7,0,0,128,1,1,3,3,0,1,1,1.23,4,1080.0,1920.0
144,24690000,8,0,6,17,26,4,2.8,6,3,8,15.6,1,17,4,1000,0,1,0,3,4,1,0,1,2.4,6,1080.0,1920.0
145,13290000,6,2,6,15,19,4,1.6,6,3,4,14.0,1,7,0,1000,0,1,0,3,4,1,0,0,1.55,2,768.0,1366.0
146,13490000,5,2,2,9,9,2,2.4,3,3,4,11.6,0,7,0,500,0,1,1,3,3,1,1,1,1.3,2,768.0,1366.0
147,9790000,2,2,3,21,35,4,1.1,2,3,4,11.6,0,7,0,1000,0,1,1,0,2,1,1,1,1.31,3,768.0,1366.0
148,11990000,5,1,3,9,9,2,2.4,3,3,4,15.6,1,7,0,500,0,0,0,0,2,1,0,1,2.12,3,768.0,1366.0
149,17990000,5,1,0,17,23,2,2.7,45,3,4,15.6,1,13,2,1000,0,1,0,3,3,1,0,1,2.15,3,1080.0,1920.0
150,13990000,2,2,3,15,19,4,1.6,6,3,4,15.6,1,22,2,1000,0,1,1,3,4,1,1,1,1.7,3,768.0,1366.0
151,12490000,6,2,3,9,10,2,2.7,3,3,4,14.0,0,7,0,1000,0,1,1,3,3,1,1,1,1.76,2,768.0,1366.0
152,15190000,3,2,6,15,19,4,1.6,6,3,4,15.6,1,0,2,1000,0,0,0,3,3,1,0,0,2.29,4,1080.0,1920.0
153,19290000,2,1,3,15,19,4,1.6,6,3,4,14.0,1,23,2,1000,128,1,1,3,4,1,1,1,1.43,3,1080.0,1920.0
154,6700000,6,2,6,21,34,4,1.6,2,3,4,14.0,1,7,0,500,0,1,1,3,2,1,0,1,2.0,3,768.0,1366.0
155,34990000,8,0,6,18,30,6,2.2,9,3,16,15.6,1,18,4,1000,128,1,0,2,4,1,0,1,2.2,6,1080.0,1920.0
156,23990000,8,0,6,15,20,4,2.2,8,3,8,15.6,1,17,4,1000,128,1,0,3,4,1,0,1,2.2,6,1080.0,1920.0
157,12490000,5,1,1,9,9,2,2.4,3,3,4,14.0,1,7,0,1000,0,1,1,0,3,1,0,1,1.54,3,1080.0,1920.0
158,19990000,2,0,6,14,16,4,2.5,6,3,8,15.6,1,17,4,1000,0,1,0,3,3,1,0,1,2.3,4,1080.0,1920.0
159,10590000,2,1,6,9,9,2,2.4,3,3,4,15.6,1,6,2,1000,0,1,0,0,4,1,0,0,2.0,3,768.0,1366.0
160,16590000,2,2,3,15,19,4,1.6,6,3,4,14.0,1,7,0,0,256,1,1,0,4,1,1,1,1.43,3,1080.0,1920.0
161,15490000,2,2,3,15,19,4,1.6,6,3,4,14.0,1,7,0,1000,0,1,1,0,4,1,1,1,1.43,3,1080.0,1920.0
162,26690000,3,1,5,15,19,4,1.6,6,3,8,13.3,1,7,0,0,256,1,1,0,3,1,0,1,1.35,3,1080.0,1920.0
163,7490000,3,1,6,21,35,2,1.1,2,3,4,14.0,1,7,0,500,0,0,1,0,3,1,1,1,1.8,4,768.0,1366.0
164,18790000,3,1,0,17,23,2,2.7,4,3,8,14.0,1,26,2,1000,0,0,1,0,3,1,0,1,2.11,4,768.0,1366.0
165,23990000,3,1,0,18,29,4,1.8,6,3,8,15.6,1,1,4,1000,128,0,0,0,4,1,0,1,2.3,3,1080.0,1920.0
166,17090000,5,1,0,14,15,2,2.5,3,3,8,15.6,1,11,2,500,0,1,0,0,3,1,0,0,2.04,3,1080.0,1920.0
167,6990000,5,1,6,21,34,4,1.6,2,3,4,15.6,1,7,0,500,0,0,0,0,3,1,0,0,1.9,4,768.0,1366.0
168,17290000,3,1,0,15,19,4,1.6,6,3,4,15.6,1,1,0,1000,0,0,0,0,3,1,0,1,2.3,3,1080.0,1920.0
169,6990000,5,1,6,21,34,2,1.6,2,3,4,14.0,1,7,0,500,0,1,1,0,2,1,0,0,1.7,4,768.0,1366.0
170,17490000,3,1,0,15,19,4,1.6,6,3,8,15.6,1,7,0,1000,0,0,0,0,3,1,0,1,2.25,3,1080.0,1920.0
171,16590000,2,1,3,15,19,4,1.6,6,3,4,15.6,1,13,2,1000,0,1,1,0,4,1,0,1,1.7,3,1080.0,1920.0
172,18890000,2,2,3,18,29,4,1.8,8,3,4,14.0,1,7,0,0,256,1,1,0,4,1,1,1,1.43,3,1080.0,1920.0
173,14700000,6,1,5,14,15,2,2.5,3,3,4,14.0,0,7,0,1000,0,1,1,3,3,1,1,1,1.74,2,1080.0,1920.0
174,12490000,3,1,6,14,15,2,2.5,3,3,4,14.0,1,7,0,1000,0,0,1,0,3,1,0,1,1.81,4,768.0,1366.0
175,21600000,1,2,0,11,11,2,1.8,3,3,8,13.3,1,7,0,0,128,1,1,0,0,0,1,1,1.35,6,900.0,1440.0
176,12500000,6,1,3,15,19,4,1.6,6,3,4,14.0,1,7,0,1000,0,1,1,0,3,1,1,1,1.7,2,1080.0,1920.0
177,13490000,2,1,3,15,19,4,1.6,6,3,4,15.6,1,13,2,1000,0,1,0,0,3,1,0,0,2.2,3,768.0,1366.0
178,20690000,2,1,3,18,29,4,1.8,8,3,8,15.6,1,13,2,1000,0,1,1,0,4,1,1,1,1.7,3,1080.0,1920.0
179,13290000,3,1,6,14,15,2,2.5,3,3,4,14.0,1,6,2,500,0,0,1,0,3,1,0,0,1.95,4,768.0,1366.0
180,26090000,2,1,3,18,29,4,1.8,8,3,8,14.0,1,23,2,0,256,1,1,0,3,1,0,1,1.25,3,1080.0,1920.0
181,9490000,2,2,3,8,8,2,2.3,3,3,4,14.0,1,7,0,1000,0,1,1,0,3,1,0,0,1.75,3,768.0,1366.0
182,7290000,2,2,4,21,35,4,1.1,2,3,4,14.0,1,7,0,500,0,0,1,0,3,1,0,0,1.65,2,768.0,1366.0
183,21600000,1,2,0,11,11,2,1.8,3,3,8,13.3,1,7,0,0,128,1,1,0,3,0,1,1,1.35,6,900.0,1440.0
184,16790000,2,1,6,18,29,4,1.8,8,3,4,15.6,1,13,2,1000,0,1,1,0,4,1,1,1,1.7,3,768.0,1366.0
185,13790000,3,1,6,14,15,2,2.5,3,3,4,14.0,1,7,0,1000,0,0,1,0,3,1,0,0,2.0,4,768.0,1366.0
186,22990000,3,1,5,18,29,4,1.8,8,3,8,13.3,0,7,0,1000,0,1,1,0,3,1,0,1,1.62,3,1080.0,1920.0
187,12390000,2,2,3,9,9,2,2.4,3,3,4,14.0,1,7,0,1000,0,1,1,0,4,1,1,1,1.43,3,1080.0,1920.0
188,9790000,2,2,6,8,8,2,1.1,2,3,4,15.6,1,7,0,1000,0,0,0,0,3,1,0,0,2.0,3,768.0,1366.0
189,18090000,0,1,6,14,16,4,2.5,6,3,8,15.6,1,17,2,1000,0,1,0,0,4,1,0,1,2.37,4,1080.0,1920.0
190,15990000,5,1,0,14,15,2,2.5,3,3,4,14.0,0,7,0,500,0,1,1,0,3,1,1,1,1.7,3,768.0,1366.0
191,9990000,3,1,6,8,7,2,2.0,3,3,4,15.6,1,7,0,1000,0,0,0,0,3,1,0,1,2.2,4,768.0,1366.0
192,12590000,2,2,3,15,19,4,1.6,6,3,4,15.6,1,7,0,1000,0,0,0,0,4,1,0,0,2.1,2,768.0,1366.0
193,41290000,2,2,4,18,29,4,1.8,8,3,8,13.3,0,7,0,0,512,1,1,0,2,0,1,1,1.1,2,1080.0,1920.0
194,14290000,3,1,6,14,15,2,2.5,3,3,4,14.0,1,6,2,500,0,0,1,0,3,1,0,0,2.0,4,768.0,1366.0
195,7290000,2,1,6,21,35,4,1.1,2,3,4,15.6,1,7,0,500,0,0,0,0,3,1,1,1,2.0,3,768.0,1366.0
196,15790000,2,2,3,15,19,4,1.6,6,3,4,15.6,1,7,0,1000,0,1,1,0,4,1,1,1,1.7,3,1080.0,1920.0
197,5990000,0,1,6,3,33,2,1.1,2,3,4,15.6,1,7,0,500,0,1,0,0,3,1,0,1,1.87,2,768.0,1366.0
198,16890000,3,1,3,14,15,2,2.5,3,3,8,15.6,1,7,0,1000,0,1,0,0,4,1,0,1,2.3,3,768.0,1366.0
199,14090000,6,1,3,9,9,2,2.4,3,3,4,14.0,0,7,0,0,256,1,1,0,2,1,1,1,1.8,2,1080.0,1920.0
200,21490000,2,2,4,15,19,4,1.6,6,3,8,14.0,1,7,0,0,256,1,1,0,3,1,0,1,1.25,3,1080.0,1920.0
201,5990000,6,1,5,21,33,2,1.1,2,3,4,11.6,1,7,0,500,0,1,1,0,2,1,0,1,1.26,2,768.0,1366.0
202,10890000,2,2,3,9,9,2,2.4,3,3,4,15.6,1,7,0,1000,0,1,0,0,4,1,0,1,1.7,3,768.0,1366.0
203,11590000,6,1,0,9,10,2,2.7,6,3,4,14.0,0,7,0,500,0,1,1,0,3,1,0,1,1.7,2,768.0,1366.0
204,42990000,5,1,0,17,25,2,2.8,4,3,8,13.3,1,7,0,0,512,1,1,3,2,1,1,1,1.28,3,1080.0,1920.0
205,10140000,2,1,6,9,9,2,2.4,3,3,4,15.6,1,7,0,1000,0,1,0,0,3,1,1,0,1.9,3,768.0,1366.0
206,12990000,5,1,3,9,9,2,2.4,3,3,4,14.0,1,7,0,500,0,1,1,0,3,1,1,1,1.7,3,768.0,1366.0
207,11790000,5,1,0,9,9,2,2.4,3,3,4,14.0,1,7,0,1000,0,1,1,0,3,1,0,1,1.63,3,1080.0,1920.0
208,10989000,0,1,6,14,15,2,2.5,3,3,4,15.6,1,7,0,1000,0,1,0,0,3,1,0,1,2.1,2,768.0,1366.0
209,33490000,3,1,0,18,29,4,1.8,8,3,16,13.3,1,7,0,0,512,1,1,0,4,1,0,1,1.7,3,1080.0,1920.0
210,15690000,2,2,5,15,19,4,1.6,6,3,4,14.0,0,7,0,500,0,1,1,0,3,1,1,1,1.6,3,1080.0,1920.0
211,11790000,6,1,7,15,19,4,1.6,6,3,4,15.6,1,7,0,1000,0,1,0,0,2,1,0,1,2.25,2,1080.0,1920.0
212,14190000,6,1,3,15,19,4,1.6,6,3,4,14.0,1,7,0,1000,0,1,1,0,3,1,0,1,1.7,2,1080.0,1920.0
213,6990000,0,1,6,21,35,2,1.1,2,3,4,15.6,1,7,0,500,0,1,0,0,3,1,0,1,1.35,2,768.0,1366.0
214,27200000,1,2,0,11,11,2,2.2,3,3,8,13.3,1,7,0,1000,0,0,0,0,3,1,0,1,1.35,4,768.0,1366.0
215,9390000,5,1,0,8,7,2,2.0,3,3,4,15.6,1,7,0,1000,0,0,0,0,3,1,0,1,2.0,4,768.0,1366.0
216,9190000,5,1,0,8,7,2,2.0,3,3,4,14.0,1,7,0,500,0,1,1,0,3,1,0,1,1.6,4,768.0,1366.0
217,19190000,5,1,0,18,29,4,1.8,8,3,4,13.3,1,7,0,0,256,1,1,0,2,1,0,0,1.6,3,768.0,1366.0
218,21590000,6,1,3,15,19,4,1.6,6,3,8,13.3,1,7,0,0,256,1,1,0,3,1,0,1,1.8,4,1080.0,1920.0
219,39900000,3,1,0,16,21,2,2.0,45,3,8,13.3,0,7,0,0,256,1,1,0,2,0,1,1,1.3,6,1080.0,1920.0
220,8990000,6,1,6,8,7,2,2.0,3,3,4,14.0,1,7,0,500,0,1,1,0,2,1,0,1,2.1,2,768.0,1366.0
221,46990000,5,1,0,17,25,2,2.8,4,3,8,12.3,0,7,0,0,256,1,1,0,3,0,1,1,0.84,4,1824.0,2736.0
222,12990000,6,1,0,15,19,4,1.6,6,3,4,15.6,1,7,0,1000,0,1,0,0,3,1,0,1,1.8,2,1080.0,1920.0
223,14790000,5,1,3,15,19,4,1.6,6,3,4,15.6,1,12,2,1000,0,0,0,0,3,1,0,1,1.35,3,768.0,1366.0
224,15850000,6,1,6,14,15,2,2.5,3,3,4,15.6,1,12,2,500,0,0,0,0,3,1,0,0,2.3,4,768.0,1366.0
225,22690000,5,1,0,18,29,4,1.8,8,3,8,15.6,1,11,2,1000,0,1,1,0,4,1,0,0,2.1,3,1080.0,1920.0
226,16990000,5,1,0,15,19,4,1.6,6,3,8,14.0,1,7,0,1000,0,1,1,0,3,1,0,0,1.7,3,768.0,1366.0
227,13790000,6,1,5,15,19,4,1.6,6,3,4,15.6,1,23,0,1000,0,1,0,0,3,1,0,1,2.1,2,1080.0,1920.0
228,16290000,5,1,0,15,19,4,1.6,6,3,4,13.3,1,7,0,0,256,1,1,0,3,1,0,1,1.6,3,1080.0,1920.0
229,12590000,5,1,0,9,9,2,2.4,3,3,4,14.0,1,7,0,1000,0,1,1,0,3,1,0,0,1.7,3,768.0,1366.0
230,23990000,0,0,6,17,26,4,2.8,6,3,8,15.6,1,17,2,1000,0,1,0,3,4,1,0,1,2.5,4,768.0,1366.0
231,22490000,2,1,3,15,19,4,1.6,6,3,8,14.0,1,23,2,0,256,1,1,0,3,1,1,1,1.25,3,1080.0,1920.0
232,8790000,0,1,6,8,7,2,2.0,3,3,4,15.6,1,7,0,1000,0,1,1,0,3,1,0,1,2.3,2,768.0,1366.0
233,71500000,1,2,5,17,27,4,2.9,6,3,16,15.4,1,4,4,0,512,1,1,0,4,0,1,1,1.35,6,1800.0,2880.0
234,14990000,6,1,3,9,9,2,2.4,3,3,4,13.3,1,7,0,0,128,1,1,0,2,1,0,1,1.16,4,1080.0,1920.0
235,15500000,6,1,3,15,19,4,1.6,6,3,4,13.3,1,7,0,0,256,1,1,0,2,1,1,1,1.2,3,1080.0,1920.0
236,17290000,5,1,0,15,19,4,1.6,6,3,4,15.6,1,11,2,500,0,1,0,0,4,1,0,0,2.1,3,1080.0,1920.0
237,37490000,5,1,3,18,29,4,1.8,8,3,8,13.3,1,7,0,0,256,1,1,3,1,0,1,1,1.08,4,1080.0,1920.0
238,12590000,5,1,0,9,9,2,2.4,3,3,4,13.3,1,7,0,500,0,1,1,0,3,1,0,1,1.5,3,768.0,1366.0
239,17290000,5,1,0,15,19,4,1.6,6,3,4,15.6,1,7,0,500,0,1,0,0,4,1,0,0,2.1,3,1080.0,1920.0
240,24290000,6,2,3,18,29,4,1.8,8,3,8,14.0,1,7,0,0,256,1,1,3,2,1,1,1,1.11,4,1080.0,1920.0
241,33450000,1,2,3,19,32,2,1.2,4,3,8,12.0,1,7,0,0,256,1,1,0,2,0,1,1,0.92,6,1440.0,2304.0
242,12340000,6,1,3,9,10,2,2.7,3,3,4,14.0,1,7,0,1000,0,1,1,0,4,1,0,1,2.0,2,1080.0,1920.0
243,24000000,7,1,2,14,15,2,2.5,3,3,8,13.3,1,7,0,0,256,1,1,0,3,1,0,1,0.94,4,1080.0,1920.0
244,31600000,1,2,0,11,11,2,2.3,3,3,8,13.3,1,7,0,0,128,1,1,0,3,0,1,1,1.35,6,1440.0,2304.0
245,24900000,7,1,2,14,15,2,2.5,3,3,8,14.0,1,7,0,0,256,1,1,0,3,1,0,1,0.98,4,1080.0,1920.0
246,31700000,1,2,5,14,17,2,2.3,4,3,8,13.3,1,7,0,0,128,1,1,0,2,0,1,1,1.35,6,1080.0,2560.0
247,13500000,3,1,6,12,13,2,1.7,3,3,4,14.0,1,15,2,500,0,0,1,0,3,1,1,1,2.2,4,768.0,1366.0
248,20490000,3,0,0,2,19,4,1.6,6,3,4,13.3,1,1,2,0,256,0,0,3,0,1,1,1,1.4,3,1080.0,1920.0
249,15690000,5,1,0,15,19,4,1.6,6,3,4,13.3,1,7,0,1000,0,1,1,0,3,1,0,1,1.6,3,768.0,1366.0
250,59990000,1,2,5,17,26,4,2.8,6,3,16,15.4,1,3,2,0,256,1,1,0,4,0,1,1,1.35,6,1800.0,2880.0
251,45990000,1,2,5,11,11,2,3.1,3,3,8,13.3,0,7,0,0,256,1,1,0,2,0,1,1,1.2,6,1080.0,2560.0
252,18390000,3,1,0,15,19,4,1.6,6,3,4,13.3,1,7,0,0,128,1,1,0,3,1,1,1,1.42,3,1080.0,1920.0
253,12790000,2,1,3,2,19,4,1.6,6,3,4,14.0,1,7,0,1000,0,0,1,0,4,1,0,0,1.41,3,768.0,1366.0
254,31600000,1,2,0,11,11,2,2.3,3,3,8,13.3,1,7,0,0,128,1,1,0,2,0,1,1,1.35,6,1440.0,2304.0
255,52390000,1,2,5,11,11,2,3.1,3,3,8,13.3,0,7,0,0,512,1,1,0,2,0,1,1,1.2,6,1080.0,2560.0
256,32090000,7,1,5,14,15,2,2.5,3,3,8,15.6,1,7,0,0,512,1,0,0,3,1,0,1,1.09,4,1080.0,1920.0
257,31700000,1,2,5,11,11,2,2.3,3,3,8,13.3,1,7,0,0,128,1,1,0,3,0,1,1,1.35,6,1440.0,2304.0
258,10490000,3,2,6,9,9,2,2.4,3,3,4,15.6,1,7,0,1000,0,0,0,0,3,1,0,1,2.18,4,768.0,1366.0
259,39250000,1,2,0,11,11,2,2.3,3,3,8,13.3,1,7,0,0,256,1,1,0,3,0,1,1,1.35,6,1600.0,2560.0
260,27590000,7,1,5,14,15,2,2.5,3,3,8,14.0,1,7,0,0,256,1,1,0,3,1,0,1,0.97,4,1080.0,1920.0
261,13790000,6,1,5,15,19,4,1.6,6,3,4,15.6,1,23,2,1000,0,1,1,0,3,1,0,1,2.1,2,1080.0,1920.0
262,24490000,3,1,0,15,19,4,1.6,6,3,8,13.3,1,1,2,0,256,1,1,0,3,1,1,1,1.45,3,1080.0,1920.0
263,20789000,0,1,6,14,16,4,2.5,6,3,8,15.6,1,17,4,1000,128,1,0,0,3,1,0,1,2.5,4,1080.0,1920.0
264,37200000,1,2,5,11,11,2,2.3,3,3,8,13.3,1,7,0,0,256,1,1,0,3,0,1,1,1.35,6,1600.0,2560.0
265,33450000,1,2,3,19,31,2,1.2,4,3,8,12.0,1,7,0,0,256,1,1,0,2,0,1,1,0.92,6,1440.0,2304.0
266,38300000,1,2,3,11,11,2,1.3,3,3,8,12.0,1,7,0,0,512,1,1,0,1,0,1,1,1.35,6,1440.0,2304.0
267,31090000,1,2,0,19,32,2,1.2,4,3,8,12.0,1,7,0,0,256,1,1,0,2,0,1,1,1.35,6,1440.0,2304.0
268,31090000,1,2,0,20,31,2,1.2,4,3,8,12.0,1,7,0,0,256,1,1,0,0,0,1,1,1.35,6,1440.0,2304.0
269,21999000,6,0,6,14,16,4,2.5,6,3,8,15.6,1,17,4,1000,128,1,0,3,4,1,0,1,2.4,3,1080.0,1920.0
270,38300000,1,2,3,20,31,2,1.2,4,3,8,12.0,1,7,0,0,512,1,1,0,0,0,1,1,1.35,6,1440.0,2304.0
271,33450000,1,2,3,20,31,2,1.2,4,3,8,12.0,1,7,0,0,256,1,1,0,0,0,1,1,1.35,6,1440.0,2304.0
272,11690000,3,1,6,9,9,2,2.4,3,3,4,15.6,1,7,0,1000,0,1,0,0,3,1,1,1,2.4,2,768.0,1366.0
273,38300000,1,2,3,14,18,2,1.3,4,3,8,12.0,1,7,0,0,512,1,1,0,2,0,1,1,1.35,6,1440.0,2304.0
274,22750000,5,1,0,12,12,2,1.6,3,3,4,14.0,0,8,2,500,0,1,1,3,2,1,0,1,2.01,3,768.0,1360.0
275,44900000,6,1,3,18,29,4,1.8,8,3,8,13.9,0,7,0,0,512,1,1,0,3,0,0,1,1.3,4,2160.0,3840.0
276,9790000,6,1,6,8,7,2,2.0,3,3,4,15.6,1,7,0,1000,0,1,1,0,3,1,1,1,1.9,2,1080.0,1920.0
277,16990000,6,1,0,18,29,4,1.8,8,3,4,15.6,1,23,2,1000,0,0,0,0,3,1,1,1,1.9,2,1080.0,1920.0
278,15790000,6,1,3,15,19,4,1.6,6,3,8,15.6,1,12,2,1000,0,0,0,0,3,1,0,1,2.2,2,1080.0,1920.0
279,33450000,1,1,3,11,11,2,2.3,3,3,8,13.3,1,7,0,0,256,1,1,0,1,1,1,0,1.37,6,1600.0,2560.0
280,25490000,2,1,3,15,19,4,1.6,6,3,8,14.0,1,23,2,0,512,1,1,0,3,1,1,1,1.25,3,1080.0,1920.0
281,10790000,3,1,6,9,9,2,2.4,3,3,6,15.6,1,7,0,1000,0,0,1,0,3,1,0,1,2.3,4,768.0,1366.0
282,10290000,0,1,5,9,10,2,2.7,3,3,4,15.6,1,7,0,500,0,1,0,0,5,1,0,1,2.0,4,1080.0,1920.0
283,31090000,1,2,0,20,1,2,1.2,3,3,8,12.0,1,7,0,0,256,1,1,0,1,1,1,0,0.92,6,1440.0,2304.0
284,14990000,6,1,6,16,21,2,2.0,4,3,4,15.6,1,5,2,500,0,0,0,0,3,1,1,1,2.3,4,768.0,1366.0
285,31090000,1,1,5,20,1,2,1.8,6,3,8,12.0,1,7,0,0,256,1,1,0,2,1,0,1,0.0,6,1440.0,2304.0
286,45000000,1,1,5,11,11,2,3.1,6,3,8,13.3,1,7,0,0,256,1,1,0,4,0,1,1,1.37,6,1600.0,2560.0
287,52390000,1,1,0,11,11,4,3.1,12,3,8,13.3,1,7,0,0,512,1,1,3,0,0,1,1,2.2,6,1600.0,2560.0
288,23490000,0,0,6,14,16,4,2.5,6,3,8,15.6,1,18,4,1000,0,1,0,0,4,1,0,1,2.7,4,1080.0,1920.0
289,10590000,2,1,6,14,15,2,2.5,3,3,4,15.6,1,10,2,1000,0,0,0,0,4,1,0,0,2.0,3,768.0,1366.0
290,14390000,2,1,5,14,15,2,2.5,3,3,4,15.6,1,21,2,1000,0,1,0,0,5,1,1,1,2.0,3,1080.0,1920.0
291,10590000,6,1,6,14,15,2,2.5,3,3,4,15.6,1,9,2,1000,0,1,0,0,3,1,0,1,2.1,2,1080.0,1920.0
292,12790000,3,1,0,14,15,2,2.5,3,3,4,14.0,1,26,2,500,0,0,1,0,3,1,0,0,2.06,4,768.0,1366.0
293,8790000,2,1,6,8,7,2,2.0,3,3,4,15.6,1,9,2,500,0,0,0,0,3,1,0,0,2.0,3,768.0,1366.0
294,19490000,0,1,6,17,23,2,2.7,4,3,8,14.0,1,7,0,0,256,1,1,0,3,1,1,1,1.35,3,1080.0,1920.0
295,9290000,2,2,5,9,9,2,2.4,3,3,4,14.0,1,7,0,1000,0,0,1,0,4,1,1,1,1.6,3,768.0,1366.0
296,10990000,5,1,3,14,15,2,2.5,3,3,4,15.6,1,7,0,500,0,0,0,0,3,1,0,1,1.35,2,768.0,1366.0
297,11590000,6,1,6,14,15,2,2.5,3,3,4,15.6,1,9,2,1000,0,0,0,0,2,1,1,1,2.1,2,1080.0,1920.0
298,11590000,5,1,0,14,15,2,2.5,3,3,4,15.6,1,13,2,500,0,0,0,0,3,1,0,1,1.35,2,768.0,1366.0
299,15890000,3,1,5,14,15,2,2.5,3,3,4,13.3,1,7,0,500,0,1,1,0,2,1,0,1,1.8,3,1080.0,1920.0
300,54490000,3,1,0,17,28,2,1.3,4,3,16,13.3,0,7,0,0,512,1,1,0,3,1,1,1,1.3,4,1800.0,3200.0
301,26990000,0,0,6,17,26,4,2.8,6,3,8,15.6,1,18,4,1000,0,1,0,0,4,1,0,1,2.5,4,1080.0,1920.0
302,19700000,6,1,3,14,15,2,2.5,3,3,8,13.3,0,7,0,0,256,1,1,0,4,1,0,1,1.3,4,1080.0,1920.0
303,15100000,5,1,3,17,23,2,2.7,4,3,8,15.6,1,13,2,1000,0,1,0,0,4,0,0,1,2.16,3,768.0,1366.0
304,9990000,3,1,6,9,9,2,2.4,3,3,4,14.0,1,7,0,1000,0,0,1,0,2,1,0,0,1.96,4,768.0,1366.0
305,9290000,3,1,6,9,9,2,2.4,3,3,4,14.0,1,7,0,1000,0,1,1,0,3,1,1,1,1.7,3,768.0,1366.0
306,41990000,5,1,6,17,23,2,2.7,4,3,8,13.3,0,7,0,0,256,1,1,0,3,1,0,1,1.32,3,1028.0,1920.0
307,15290000,5,1,3,15,19,4,1.6,6,3,4,14.0,1,7,0,1000,0,1,1,0,3,1,1,1,1.63,3,1080.0,1920.0
308,7890000,6,1,6,6,5,2,1.7,3,3,2,15.6,1,7,0,500,0,0,0,0,3,1,1,0,2.3,4,768.0,1366.0
309,26290000,2,1,3,15,19,4,1.6,6,3,8,14.0,0,7,0,1000,512,1,1,0,3,1,1,1,1.4,3,1080.0,1920.0
310,16990000,3,1,3,14,15,2,2.5,3,3,8,15.6,1,7,0,1000,0,1,0,0,4,1,0,0,2.0,3,1080.0,1920.0
311,35990000,5,1,0,14,15,2,2.5,3,3,8,13.3,1,7,0,0,256,1,1,0,3,1,0,1,1.35,3,1080.0,1920.0
312,15900000,3,1,0,12,12,2,1.6,3,3,4,14.0,1,8,2,500,0,0,1,0,3,1,0,1,1.95,6,768.0,1366.0
313,9990000,5,1,6,4,2,2,1.5,3,3,4,14.0,1,7,0,500,0,1,1,0,3,1,1,1,2.4,4,768.0,1366.0
314,15290000,2,1,0,12,12,2,1.6,3,3,6,15.6,1,16,2,500,0,0,0,0,3,1,1,1,2.1,4,1080.0,1920.0
315,9850000,2,1,5,7,6,2,2.1,3,3,4,14.0,1,7,0,500,0,0,1,0,3,1,1,1,2.1,4,768.0,1366.0
316,12100000,5,1,2,12,12,2,1.6,3,3,4,14.0,1,7,0,500,0,0,1,0,3,1,0,0,2.03,4,768.0,1366.0
317,13920000,2,1,6,5,4,2,1.8,3,3,4,15.6,0,7,0,0,16,0,0,0,2,1,0,0,2.6,4,768.0,1360.0
318,13200000,2,1,6,5,4,2,1.8,3,3,4,15.6,0,7,0,500,16,0,0,0,3,1,0,0,1.8,3,768.0,1366.0
319,13100000,5,1,6,12,12,2,1.6,3,3,4,14.0,1,2,2,500,0,0,1,0,3,1,0,1,2.1,4,768.0,1366.0
320,26990000,2,1,6,16,22,4,2.4,6,3,4,15.6,1,14,2,750,0,0,0,0,3,1,1,1,2.7,4,1080.0,1920.0
321,28200000,2,1,4,12,12,2,1.6,3,3,4,13.3,1,7,0,500,0,0,1,0,3,1,1,1,1.5,3,1080.0,1920.0
322,11090000,3,1,6,9,9,2,2.4,3,3,4,15.6,1,7,0,1000,0,0,0,0,4,1,0,0,2.1,4,768.0,1366.0
323,46090000,3,1,0,17,24,2,2.4,4,3,16,13.3,0,7,0,0,512,1,1,0,3,1,0,1,1.26,4,1800.0,3200.0
324,10390000,5,1,0,9,9,2,2.4,3,3,4,14.0,1,7,0,500,0,1,1,0,3,1,0,1,1.7,3,768.0,1366.0
325,10390000,2,2,6,14,15,2,2.5,3,3,4,15.6,1,7,0,1000,0,0,0,0,3,0,0,0,2.0,3,768.0,1366.0
326,27990000,8,0,6,17,26,4,2.8,6,3,8,17.3,1,18,4,1000,0,1,0,2,4,1,0,1,2.6,6,1080.0,1920.0
327,32490000,2,0,6,17,26,4,2.8,6,3,8,15.6,1,19,3,1000,0,1,0,2,5,1,0,1,2.3,4,1080.0,1920.0
328,9990000,3,1,6,9,9,2,2.4,3,3,4,14.0,1,7,0,1000,0,0,0,0,3,1,0,1,1.81,4,768.0,1366.0
329,12890000,5,1,0,14,15,2,2.5,3,3,4,14.0,1,7,0,1000,0,1,1,0,3,1,0,1,1.7,4,768.0,1366.0
330,18190000,0,0,6,14,16,4,2.5,6,3,8,15.6,1,17,4,1000,128,1,0,0,4,1,0,1,2.5,4,1080.0,1920.0
331,19690000,5,1,0,14,15,2,2.5,3,3,4,15.6,1,7,0,1000,128,1,0,0,3,1,0,1,1.94,3,1080.0,1920.0
332,11490000,5,1,3,14,15,2,2.5,3,3,4,15.6,1,7,0,500,0,0,0,0,3,1,0,1,2.03,2,768.0,1366.0
333,20199000,0,1,6,13,14,2,2.3,3,3,4,12.0,0,7,0,0,256,1,1,0,2,0,0,1,1.25,2,1440.0,2160.0
334,16350000,5,1,0,14,15,2,2.5,3,3,4,15.6,1,7,0,0,256,1,0,0,3,1,0,0,2.2,3,1080.0,1920.0
335,20989000,0,1,6,15,19,4,1.6,6,3,8,13.3,0,7,0,0,256,1,1,0,4,1,0,1,1.6,3,1080.0,1920.0
336,20490000,5,1,0,17,23,2,2.7,4,3,8,15.6,1,11,2,500,0,1,1,0,4,1,0,1,2.04,4,1080.0,1920.0
337,9490000,0,1,0,9,9,2,2.4,3,3,4,15.6,1,7,0,500,0,0,0,0,3,1,0,1,2.4,4,768.0,1366.0
338,11900000,2,1,0,9,9,2,2.4,3,3,4,15.6,1,6,2,500,0,1,0,0,3,1,0,0,1.9,3,1080.0,1920.0
339,15800000,6,1,3,14,15,2,2.5,3,3,8,15.6,1,12,4,1000,0,1,0,0,3,1,0,1,2.4,2,1080.0,1920.0
340,20990000,5,1,0,14,15,2,2.5,3,3,4,13.3,1,7,0,0,256,1,1,0,3,1,0,1,1.43,3,1800.0,3200.0
341,15590000,5,1,0,14,15,2,2.5,3,3,4,14.0,1,11,2,500,0,0,1,0,3,1,0,0,1.9,3,768.0,1366.0
342,32490000,8,0,6,17,26,4,2.8,6,3,16,15.6,1,19,3,1000,128,0,0,1,4,1,0,0,2.3,6,1080.0,1920.0
343,7490000,6,1,6,8,7,2,2.0,3,3,4,15.6,1,7,0,1000,0,1,0,0,4,1,0,1,2.1,4,768.0,1366.0
344,15390000,5,1,0,14,15,2,2.5,3,3,4,14.0,1,7,0,500,0,1,1,0,3,1,0,0,1.9,3,768.0,1366.0
345,11990000,6,1,6,14,15,2,2.5,3,3,4,14.0,1,7,0,1000,0,1,1,0,3,1,0,1,1.7,2,1080.0,1920.0
346,11690000,2,2,3,9,9,2,2.4,3,3,4,15.6,1,7,0,1000,0,0,1,0,4,1,0,1,1.7,3,1080.0,1920.0
347,9990000,6,1,6,9,10,2,2.7,3,3,4,15.6,1,13,2,1000,0,1,0,0,3,1,1,1,2.1,2,1080.0,1920.0
348,10790000,0,1,5,14,15,2,2.5,3,3,4,15.6,1,7,0,1000,0,0,0,0,4,1,0,1,2.23,4,1080.0,1920.0
349,54990000,3,1,0,18,29,4,1.8,8,3,16,13.3,0,7,0,0,512,1,1,0,3,0,1,1,1.23,4,2160.0,3840.0
350,15290000,5,1,0,15,19,4,1.6,6,3,4,14.0,1,7,0,1000,0,1,1,0,3,1,0,1,1.63,3,1080.0,1920.0
351,16490000,3,1,3,14,15,2,2.5,3,3,4,14.0,1,13,2,500,128,1,1,0,3,1,0,1,1.6,3,1080.0,1920.0
352,21990000,8,0,6,14,16,4,2.5,6,3,8,15.6,1,17,4,1000,0,1,0,3,4,1,0,1,2.3,6,1080.0,1920.0
353,25990000,8,0,6,17,26,4,2.8,6,3,8,17.3,1,18,4,1000,0,1,0,3,4,1,0,1,2.2,6,1080.0,1920.0
354,27490000,8,0,6,17,26,4,2.8,6,3,8,15.6,1,17,2,1000,0,1,0,2,4,1,0,1,1.8,3,1080.0,1920.0
355,28990000,8,0,6,17,26,4,2.8,6,3,16,15.6,1,18,4,1000,128,1,0,2,3,1,0,1,2.2,6,1080.0,1920.0
356,10600000,6,1,5,9,9,2,2.4,3,3,4,14.0,1,7,0,1000,0,1,1,0,3,1,0,1,1.7,2,1080.0,1920.0
357,28990000,3,1,0,18,29,4,1.8,8,3,8,13.3,1,7,0,0,256,1,1,0,2,1,0,1,1.7,3,1080.0,1920.0
358,24690000,5,1,0,18,29,4,1.8,8,3,8,15.6,1,11,2,1000,128,1,0,0,4,1,0,0,2.1,3,1080.0,1920.0
359,16000000,6,1,3,15,19,4,1.6,6,3,4,15.6,1,7,0,1000,0,1,1,0,3,1,1,1,2.4,2,1080.0,1920.0
360,16990000,0,1,5,8,8,2,2.3,3,3,4,12.0,0,7,0,0,128,1,1,0,3,0,0,1,1.25,2,1440.0,2160.0
361,11290000,5,1,2,14,15,2,2.5,3,3,4,14.0,1,7,0,500,0,0,1,0,3,1,0,0,1.94,4,768.0,1366.0
362,24490000,4,1,6,14,15,2,2.5,3,3,4,15.6,1,7,0,0,256,1,0,0,3,0,0,0,2.25,4,768.0,1366.0
363,23490000,2,2,4,15,19,4,1.6,6,3,8,14.0,1,23,2,0,256,1,1,0,3,1,1,1,1.25,3,1080.0,1920.0
364,15900000,6,1,3,14,15,2,2.5,3,3,4,14.0,0,7,0,1000,0,1,1,0,3,1,0,1,1.35,3,1080.0,1920.0
365,15090000,5,1,3,14,15,2,2.5,3,3,4,14.0,1,7,0,1000,0,1,1,0,3,1,0,0,1.63,3,1080.0,1920.0
366,15900000,6,1,3,15,19,4,1.6,6,3,4,14.0,0,7,0,1000,0,1,1,0,3,1,0,1,1.7,3,1028.0,1920.0
367,16890000,5,1,0,14,23,2,2.7,4,3,8,15.6,1,0,2,1000,0,0,0,0,3,1,0,0,1.9,4,768.0,1366.0
368,42490000,5,1,6,17,23,2,2.7,4,3,8,13.3,0,7,0,0,256,1,1,0,3,0,1,1,0.9,3,1080.0,1920.0
369,15190000,5,1,5,15,19,4,1.6,6,3,4,15.6,1,13,2,1000,0,1,0,0,3,1,0,1,1.96,3,768.0,1366.0
370,6290000,6,1,6,21,34,4,1.6,4,3,4,15.6,1,7,0,500,0,1,0,0,2,1,0,1,2.2,3,768.0,1366.0
371,10490000,5,1,0,9,9,2,2.4,3,3,4,15.6,1,7,0,1000,0,1,0,0,2,1,0,1,1.9,4,768.0,1366.0
372,10690000,2,2,6,8,7,2,2.0,3,3,4,15.6,1,9,2,500,0,0,0,0,3,1,0,0,2.0,3,768.0,1366.0
373,21690000,5,1,0,18,29,4,1.8,8,3,8,14.0,1,7,0,1000,0,1,1,0,3,1,0,0,1.7,3,1080.0,1920.0
374,18400000,6,1,0,17,23,2,2.7,4,3,8,15.6,1,20,2,1000,0,1,0,0,3,1,0,1,2.1,2,1080.0,1920.0
375,23490000,5,1,0,18,29,4,1.8,8,3,8,14.0,1,7,0,1000,128,1,1,0,3,1,0,0,1.7,3,1080.0,1920.0
376,26990000,2,1,4,18,29,4,1.8,4,3,8,14.0,1,23,2,0,256,1,1,0,3,1,0,0,1.25,3,1080.0,1920.0
377,39990000,2,0,6,17,26,4,2.8,6,3,16,15.6,1,19,6,1000,256,1,0,3,5,1,1,1,2.3,4,1080.0,1920.0
378,16990000,5,1,0,15,19,4,1.6,6,3,4,13.3,1,7,0,1000,0,1,1,0,3,1,0,1,1.6,3,768.0,1366.0
379,6490000,2,1,3,3,33,2,1.1,2,3,4,14.0,1,7,0,500,0,0,1,0,3,1,0,0,1.35,3,768.0,1366.0
380,10800000,2,1,5,5,3,2,1.8,3,3,4,14.0,1,8,2,500,0,0,1,0,2,1,0,0,2.1,6,768.0,1366.0
381,17490000,3,1,3,14,15,2,2.5,3,3,4,15.6,1,20,2,1000,0,1,0,0,4,1,0,1,1.98,3,768.0,1366.0
382,19999000,0,0,6,14,16,4,2.5,6,3,8,15.6,1,17,2,1000,0,1,0,3,4,1,0,1,2.4,4,1080.0,1920.0
383,16940000,3,1,6,17,23,2,2.7,4,3,4,15.6,1,24,2,1000,0,0,0,0,3,1,0,0,2.18,4,768.0,1366.0
384,22990000,3,1,5,17,23,2,2.7,4,3,8,13.3,0,7,0,0,256,1,1,0,3,1,0,1,1.6,3,1080.0,1920.0
385,22990000,3,1,5,17,23,2,2.7,4,3,8,13.3,0,7,0,0,256,1,1,0,3,1,0,1,1.6,3,1080.0,1920.0
386,16290000,3,1,3,14,15,2,2.5,3,3,4,14.0,1,7,0,500,0,1,1,0,3,1,0,1,1.7,3,768.0,1366.0
387,13990000,2,1,5,14,15,2,2.5,3,3,4,15.6,1,13,2,1000,0,1,1,0,4,1,1,1,1.7,3,768.0,1366.0
388,13290000,2,1,5,14,15,2,2.5,3,3,4,15.6,1,7,0,1000,0,1,0,0,4,0,0,0,1.7,3,768.0,1366.0
389,15390000,3,1,6,14,15,2,2.5,3,3,4,15.6,1,6,2,1000,0,0,1,0,2,0,0,1,1.35,4,768.0,1366.0
390,29490000,3,1,6,17,26,4,2.8,6,3,8,15.6,1,18,4,1000,128,1,0,0,3,1,0,1,2.85,6,1080.0,1920.0
391,14590000,3,1,3,9,9,2,2.4,3,3,4,15.6,1,12,2,1000,0,0,0,0,3,1,0,0,2.3,4,768.0,1366.0
392,18090000,3,1,3,14,15,2,2.5,3,3,4,14.0,1,13,2,1000,0,1,1,0,3,1,0,1,1.7,3,768.0,1366.0
393,19990000,5,1,3,15,19,4,1.6,6,3,4,13.3,1,7,0,0,128,1,1,0,3,0,1,1,1.23,6,1080.0,1920.0
394,12990000,0,1,6,14,15,2,2.5,3,3,4,14.0,1,13,2,1000,0,1,1,0,3,0,0,1,2.1,4,1080.0,1920.0
395,13699000,0,1,5,14,15,2,2.5,3,3,4,15.6,1,13,2,1000,0,1,0,0,2,1,0,1,2.1,4,1080.0,1920.0
396,11990000,5,1,0,9,9,2,2.4,3,3,4,15.6,1,7,0,500,0,0,0,0,3,1,0,1,2.0,2,768.0,1366.0
397,14990000,6,1,5,15,19,4,1.6,6,3,4,13.3,1,7,0,0,128,1,1,0,2,1,1,1,1.25,3,1080.0,1920.0
398,20990000,5,1,3,15,19,4,1.6,6,3,4,13.3,1,7,0,0,256,1,1,0,4,0,0,1,1.23,6,1080.0,1920.0
399,7490000,0,1,6,21,35,4,1.1,2,3,4,15.6,1,7,0,500,0,1,0,0,3,1,1,1,2.4,2,768.0,1366.0
400,15290000,5,1,1,15,19,4,1.6,6,3,4,14.0,1,7,0,1000,0,1,1,0,3,1,0,1,1.36,3,1080.0,1920.0
401,22990000,8,0,6,17,26,4,2.8,6,3,8,15.6,1,17,4,1000,0,1,0,3,4,1,0,1,2.3,6,1080.0,1920.0
402,14490000,3,1,6,14,15,2,2.5,3,3,4,15.6,1,25,2,500,0,0,0,0,3,1,0,1,2.3,4,768.0,1366.0
403,14590000,6,1,6,14,15,2,2.5,3,3,4,14.0,1,7,0,500,0,1,1,0,3,1,0,1,1.87,4,768.0,1366.0
404,15090000,3,1,3,14,15,2,2.5,3,3,4,14.0,1,7,0,500,0,1,1,0,3,1,0,0,1.6,3,768.0,1366.0
405,13390000,3,1,6,9,9,2,2.4,3,3,4,15.6,1,7,0,500,0,1,0,0,4,1,0,0,2.1,3,768.0,1366.0
406,15390000,5,1,0,15,19,4,1.6,6,3,4,14.0,1,7,0,500,0,1,1,0,3,1,0,0,1.7,3,768.0,1366.0
407,12990000,5,1,0,14,15,2,2.5,3,3,4,15.6,1,7,0,1000,0,0,0,0,3,1,0,1,1.9,4,768.0,1366.0
408,14390000,5,1,5,15,19,4,1.6,6,3,4,15.6,1,7,0,1000,0,1,0,0,3,1,0,1,2.12,3,768.0,1366.0
409,15290000,5,1,3,15,19,4,1.6,6,3,4,15.6,1,13,2,1000,0,0,0,0,3,1,0,0,2.12,3,768.0,1366.0
410,13590000,5,1,5,15,19,4,1.6,6,3,4,15.6,1,7,0,1000,0,0,0,0,3,1,0,1,1.96,3,768.0,1366.0
411,6600000,6,1,6,21,34,4,1.6,2,3,4,14.0,1,7,0,500,0,1,1,0,2,1,1,1,1.9,3,768.0,1366.0
412,11990000,5,1,3,9,9,2,2.4,3,3,4,14.0,1,7,0,1000,0,1,1,0,3,1,1,1,1.63,3,1080.0,1920.0
413,9790000,5,1,3,8,7,2,2.0,3,3,4,15.6,1,7,0,1000,0,1,1,0,3,1,0,1,1.7,4,768.0,1366.0
414,7790000,6,1,5,0,0,2,3.0,1,3,4,14.0,1,7,0,1000,0,1,1,0,2,1,0,1,1.35,2,1080.0,1920.0
415,26490000,5,0,6,17,26,4,2.8,6,3,8,15.6,1,17,4,1000,128,1,0,3,3,1,0,1,2.21,4,1080.0,1920.0
416,13590000,5,1,5,15,19,4,1.6,6,3,4,15.6,1,7,0,1000,0,0,0,0,3,1,0,1,2.02,3,768.0,1366.0
417,24190000,6,0,6,17,26,4,2.8,6,3,8,15.6,1,17,4,1000,128,1,1,3,4,1,0,1,2.4,3,1080.0,1920.0
418,16490000,5,1,0,15,19,4,1.6,6,3,4,14.0,1,7,0,500,0,1,1,0,3,1,0,0,1.7,3,768.0,1366.0
419,10240000,5,1,3,8,7,2,2.0,3,3,4,14.0,1,7,0,500,0,1,1,0,3,1,1,1,1.8,4,768.0,1366.0
420,19990000,0,1,2,14,15,2,2.5,3,3,8,14.0,1,7,0,0,256,1,1,0,4,1,0,1,1.35,3,1080.0,1920.0
